prefeitura,cidade,populacao,area,descricao,clima,cultura
Aichi,Nagoya,7484000,5153,"Localizada perto do centro da ilha principal japonesa de Honshu, a Prefeitura de Aichi fica de frente para as Baías de Ise e Mikawa ao sul e faz fronteira com a Prefeitura de Shizuoka a leste, a Prefeitura de Nagano a nordeste, a Prefeitura de Gifu ao norte e a Prefeitura de Mie a oeste. O ponto mais alto é Chausuyama, a 1.415 m acima do nível do mar.

A parte ocidental da prefeitura é dominada por Nagoya, a terceira maior cidade do Japão, e seus subúrbios, enquanto a parte oriental é menos densamente povoada, mas ainda contém vários grandes centros industriais.

Em 1 de abril de 2012, 17% da área total da prefeitura foi designada como Parques Naturais.","O clima da província de Aichi é geralmente ameno, já que localizada em uma planície, Nagoya pode registrar algum clima relativamente quente durante o verão.","A prefeitura de Aichi tem orgulho de ser o local de nascimento de três figuras principais que levaram à unificação do Japão entre os séculos XVI e XVII : Oda Nobunaga, Toyotomi Hideyoshi e Tokugawa Ieyasu. Devido a isso, Aichi é às vezes considerada o lar do espírito samurai. Muitos museus e lugares comemorativos podem ser encontrados na prefeitura refazendo a história por trás das três figuras."
Hokkaido,Sapporo,5183000,83423,"A ilha de Hokkaido está localizada no extremo norte do Japão, perto da Rússia, e tem litorais no Mar do Japão, no Mar de Okhotsk e no Oceano Pacífico. O centro da ilha tem várias montanhas e planaltos vulcânicos e há planícies costeiras em todas as direções. As principais cidades incluem Sapporo e Asahikawa na região central e o porto de Hakodate de frente para Honshu. Além disso, as ilhas contam com seis vulcões ativos.
","Hokkaido é conhecida por seus verões relativamente frios e invernos gelados. No inverno, a forte queda de neve torna a região uma das mais atraentes para esquiar, atraindo turistas de toda a Ásia e Oceania.","A cultura de Hokkaido é fortemente ligada ao rico ambiente natural da prefeitura. É o lar dos Ainu, o povo indígena do Japão, que valoriza a harmonia com a natureza e tem uma cultura muito tradicional, bem diferente da dos japoneses."
Aomori,Aomori,1221000,9645,"A Prefeitura de Aomori está localizada na ponta mais ao norte de Honshu, de frente para Hokkaido, com o Estreito de Tsugaru no meio. A Prefeitura de Aomori tem uma natureza rica e variada de montanhas, parques e lagos.","O clima da prefeitura de Aomori é frio na maior parte, com uma temperatura média de 10°C. Variações no clima existem entre as partes leste (lado do Oceano Pacífico) e oeste (lado do Mar do Japão) da prefeitura. Isso se deve em parte às Montanhas Ou que correm de norte a sul e dividem as duas regiões. O lado oeste está sujeito a fortes monções e pouca luz solar. O lado leste recebe pouca luz solar durante os meses de verão, com temperaturas permanecendo relativamente baixas.","Aomori é bem conhecida por sua tradição de Tsugaru-jamisen, um estilo virtuoso de tocar shamisen (um instrumento musical japonês de três cordas). A prefeitura também é conhecida por seu Nobuta Matsuri, um dos festivais mais impressionantes do Japão com carros alegóricos gigantes de bravas figuras guerreiras sendo carregados pelo centro da cidade de Aomori."
Iwate,Morioka,1196000,15275,A Prefeitura de Iwate é a segunda maior prefeitura do Japão depois de Hokkaido e tem a menor densidade populacional de qualquer prefeitura fora de Hokkaido. A prefeitura tem uma paisagem montanhosa com picos de até 2.000 m.,"Invernos frios e com neve (algumas áreas podem registrar temperaturas tão baixas quanto -15°C), enquanto o efeito Foehn no verão proporciona temperaturas quentes durante o verão.","Em 2009, a UNESCO elegeu oficialmente o Hayachine Kagura como uma Obra-prima do Patrimônio Oral e Imaterial da Humanidade. Originária de Iwate, o Hayachine Kagura é uma dança teatral tradicional envolvendo dançarinos mascarados acompanhados por tambor, címbalos e flauta. A origem da dança está ligada à religião xintoísta e visava honrar os deuses. Kagura significa literalmente “entretenimento divino”."
Miyagi,Sendai,2290000,7282,"A Prefeitura de Miyagi fica na parte central da região de Tohoku, de frente para o Oceano Pacífico, e contém a maior cidade de Tohoku, Sendai. Há altas montanhas no oeste e ao longo da costa nordeste, mas a planície central ao redor de Sendai é bem grande.","Geralmente um clima ameno, mas as áreas ocidentais podem registrar uma quantidade maior de neve em comparação ao resto da província.","Sem dúvida, a Prefeitura de Miyagi evoca na mente dos japoneses a imagem de Date Masamune (1567-1636): um dos mais poderosos daimyo (senhores territoriais) do Japão naquela época e fundador da cidade de Sendai.
Graças à sua forte personalidade e histórico de batalhas bem-sucedidas, ele tem sido um personagem recorrente em muitos filmes, escritos e até mesmo videogames. Ele era facilmente reconhecido por seu capacete com uma lua crescente. Conhecido por seu alto nível de ética, um aforismo ainda citado é: ""A retidão levada ao excesso endurece em rigidez; a benevolência indulgente além da medida afunda em fraqueza""."
Akita,Akita,945000,11638,"Localizada no norte de Honshu, a Prefeitura de Akita fica de frente para o Mar do Japão a oeste e faz fronteira com outras quatro prefeituras: Aomori ao norte, Iwate a leste, Miyagi a sudeste e Yamagata ao sul. As Montanhas Ou marcam a fronteira leste da prefeitura, e as Montanhas Dewa, mais altas, correm paralelas pelo centro da prefeitura.","O clima em Akita é caracterizado por invernos longos e verões curtos. As regiões costeiras de Akita tendem a ser amenas, com uma corrente quente circulando pela área. Comparadas à costa, as regiões interiores da Prefeitura de Akita são mais quentes no verão e mais frias no inverno, com muita queda de neve.","Akita é famosa pelo cultivo de arroz e suas cervejarias de saquê, é bem conhecida por ter o maior consumo de saquê no Japão. Acredita-se também que Akita seja o lar das mulheres mais bonitas do Japão, conhecidas como ""Akita bijin"", ou ""belezas de Akita"", como a famosa poetisa Ono no Komachi (ca. 825 - ca. 900).
Acredita-se que a região seja a origem da raça de cachorro Akita, que leva o nome da prefeitura."
Yamagata,Yamagata,1055000,9325,"A Prefeitura de Yamagata está localizada no canto sudoeste de Tohoku, de frente para o Mar do Japão, 300 km ao norte de Tóquio. Faz fronteira com a Prefeitura de Niigata e a Prefeitura de Fukushima ao sul, a Prefeitura de Miyagi a leste e a Prefeitura de Akita ao norte. Todos esses limites são marcados por montanhas, com a maioria da população residindo em uma planície central limitada. Em 1º de abril de 2012, 17% da área total da prefeitura foi designada como Parques Naturais.","O clima da província de Yamagata é caracterizado por verões longos, quentes e úmidos e invernos longos e nevados. Tanto a primavera quanto o outono são curtos, o primeiro geralmente frio, o último geralmente quente, mas ambos são bastante secos e ensolarados. As temperaturas de inverno raramente caem abaixo de -10°C em áreas povoadas e frequentemente sobem acima de 30°C em julho e agosto.","O festival mais famoso em Yamagata é provavelmente o Hanagasa Matsuri: ao longo de três dias, quase 10.000 participantes dançam danças tradicionais chamadas Hanagasa enquanto desfilam pelas ruas. O festival é um dos três grandes da região de Tohoku e atrai cerca de 1.000.000 de espectadores de todo o Japão e do exterior."
Fukushima,Fukushima,1812000,13784,"Fukushima é tanto a prefeitura mais ao sul da região de Tohoku quanto a prefeitura da região de Tohoku mais próxima de Tóquio. É dividida por cadeias de montanhas em três áreas chamadas Aizu, a área mais montanhosa, Nakadori, o coração agrícola da prefeitura que contém a capital, e Hamadori, a área costeira. É a terceira maior prefeitura do Japão.","Clima tipicamente ameno, com diferenças entre o oeste montanhoso e o leste costeiro.","A província de Fukushima é o lar de muitos contos de fadas, como o da planície de Adachigahara. Esta história assustadora relata a jornada de um peregrino budista que se encontra com um goblin canibal na forma de uma velha que ataca os viajantes. Graças à sua forte crença no Buda, o peregrino consegue escapar com segurança."
Ibaraki,Mito,2852000,"6095,58","A parte norte até a parte noroeste é montanhosa. Rios correm por uma área de terra plana em uma bacia. As Montanhas Yamizo começam com o Monte Yamizo, a montanha mais alta da prefeitura (1.022 m) localizada na fronteira no noroeste, e a cordilheira se estende para o sul passando pela fronteira com a Prefeitura de Tochigi até o Monte Kaba e o Monte Tsukuba. As principais características na parte sudeste são o segundo maior lago do Japão, Kasumigaura, e outro lago chamado Kitaura. Há um litoral de 190 km de extensão na parte leste.","As temperaturas variam de norte a sul na prefeitura de Ibaraki, embora as temperaturas médias de inverno permaneçam acima de zero em todos os lugares de Ibaraki. A precipitação pode ser pesada na prefeitura, mas tende a ser mais pesada ao longo da costa e no norte montanhoso.","Ibaraki é conhecida no Japão por seu natto, ou soja e castanhas fermentadas; no mundo todo, Ibaraki é onde nasceu a arte marcial do Aikido, fundada por Ueshiba Morihei, também conhecido como Osensei.
A capital Mito abriga o Kairakuen, um dos três jardins mais famosos do Japão, famoso por ter mais de 3.000 ameixeiras japonesas de mais de 100 variedades."
Tochigi,Utsunomiya,1921000,"6408,28","Localizada no centro da prefeitura sem litoral está a maior planície aberta da região de Kanto. A parte norte é caracterizada por altas montanhas: Shirane (2.578 m), Nantai (2.484 m) e Nasudake (1.917 m).","O clima de Tochigi pode ser classificado como uma zona temperada úmida com amplas variações de temperatura. Os invernos são áridos com ventos secos, enquanto os verões são úmidos com tempestades frequentes. ","No início do século XVII, o Japão foi unificado pelo shogun Tokugawa Ieyasu. Após sua morte, o santuário Toshogu foi construído em Nikko no que os shoguns consideravam solo sagrado para proteger e adorar Ieyasu. Hoje, é um dos lugares mais turísticos do Japão. Um lema diz: Não diga ""magnífico"" até ter visto Nikko."
Gunma,Maebashi,1927000,6363,"A província de Gunma está localizada no centro de Honshu, a cerca de 100 km da capital, Tóquio.
Uma das oito prefeituras sem litoral do Japão, Gunma é a prefeitura mais a noroeste da planície de Kanto. Exceto pelas áreas central e sudeste, onde a maioria da população está concentrada, é majoritariamente montanhosa.","Devido à sua localização no interior, há uma diferença significativa de temperatura entre o verão e o inverno. Graças ao chamado “karakaze”, um vento forte e seco que ocorre no inverno, e à proteção oferecida pelas montanhas Echigo, a prefeitura registra um nível relativamente baixo de precipitação no inverno.","Realizada na cidade de Annaka, a Maratona Samurai Ansei Tooashi é provavelmente a maratona mais antiga do Japão. Em 1855, um senhor local organizou uma corrida entre suas tropas e o nome dos finalistas foi registrado na ordem de chegada. Hoje, a peculiaridade desta maratona é que os participantes estão vestidos com fantasias de qualquer tipo, desde usar armadura de samurai, correr como um personagem de anime ou videogame, vestir-se como Papai Noel ou até mesmo um vegetal, não há limite para a imaginação dos participantes para tornar o evento alegre."
Saitama,Saitama,7261000,3797,"Esta prefeitura faz parte da Grande Tóquio, e a maioria das cidades de Saitama podem ser descritas como subúrbios de Tóquio, de onde uma grande quantidade de moradores se desloca todos os dias.",Saitama ficou em primeiro lugar sete vezes nos últimos 10 anos no ranking das províncias com maior número de dias ensolarados.,"Após a Segunda Guerra Mundial, conforme Tóquio se expandia rapidamente e o transporte moderno permitia deslocamentos mais longos, a falta de terras disponíveis em Tóquio levou ao rápido desenvolvimento da Prefeitura de Saitama, cuja população quase triplicou desde 1960. A maioria das cidades da prefeitura está intimamente conectada ao centro de Tóquio por ferrovias metropolitanas e opera em grande parte como subúrbios residenciais e comerciais de Tóquio."
Chiba,Chiba,6224000,"5156,15","A Prefeitura de Chiba está localizada na região de Kanto e na Área da Grande Tóquio. Com exceção da Zona Industrial de Keiyo em larga escala no nordeste, a totalidade da costa da Prefeitura de Chiba é protegida como dois parques quase nacionais e um parque natural da prefeitura sob o sistema de parques nacionais do Japão. Em 1º de abril de 2012, 6% da área total da prefeitura foi designada como Parques Naturais.","A província de Chiba tem um clima oceânico quente, ameno no inverno e relativamente fresco no verão, pois é cercada pelo mar em três lados.","A cultura de Chiba floresceu em particular sob o Xogunato Edo (1603-1867), quando o centro do poder do Japão ficava bem próximo a Chiba. Sawara (atualmente parte da Cidade de Katori), uma cidade comercial, prosperou tanto com o fluxo de mercadorias ao longo do Rio Tonegawa que era considerada rival de Edo. Nesse contexto, Chiba deixou sua própria marca na cultura japonesa."
Tokyo,Tokyo,14010000,"2187,66","A porção continental de Tóquio fica a noroeste da Baía de Tóquio e mede cerca de 90 km de leste a oeste e 25 km de norte a sul. A elevação média em Tóquio é de 40 m. Faz fronteira com a Prefeitura de Chiba a leste, Yamanashi a oeste, Kanagawa ao sul e Saitama ao norte. Tóquio continental é ainda subdividida em 23 Special Wards ocupando a metade oriental e a área de Tama se estendendo para o oeste.
Também dentro dos limites administrativos da Metrópole de Tóquio estão duas cadeias de ilhas no Oceano Pacífico, situadas diretamente ao sul: as Ilhas Izu e as Ilhas Ogasawara, que se estendem por mais de 1.000 km de distância do continente. Por causa dessas ilhas e regiões montanhosas a oeste, os números gerais de densidade populacional de Tóquio estão muito abaixo dos números reais para as regiões urbanas e suburbanas de Tóquio.","Tóquio fica na zona climática subtropical úmida com verões quentes e úmidos e invernos geralmente amenos com períodos frios. A região, como grande parte do Japão, experimenta um atraso sazonal de um mês, com o mês mais quente sendo agosto, com média de 27,5 °C, e o mês mais frio sendo janeiro, com média de 6,0 °C. A precipitação anual é em média de quase 1530 milímetros, com um verão mais chuvoso e um inverno mais seco. A queda de neve é ​​esporádica, mas ocorre quase anualmente. Tóquio também costuma ver tufões todos os anos, embora poucos sejam fortes.","Tóquio é frequentemente considerada uma cidade, mas é referida como uma ""prefeitura metropolitana"". O governo metropolitano de Tóquio administra as 23 alas especiais de Tóquio (cada uma governada como uma cidade individual), que cobrem a área que era anteriormente a cidade de Tóquio antes de se fundir e se tornar a subsequente prefeitura metropolitana. Tóquio é a capital do Japão, o centro da Grande Área de Tóquio e a maior área metropolitana do mundo. Em 2020 (efetivamente em 2021), Tóquio sediou os 32º Jogos Olímpicos; foi a segunda vez em sua história desde 1964.
A cidade constantemente dá origem a novas modas e fenômenos culturais e uma grande variedade de informações é transmitida para o resto do Japão e para o mundo todo. Locais famosos e marcos históricos podem ser encontrados, e a cultura tradicional permanece viva. A cidade apresenta uma face inovadora com uma atmosfera persistente de tradição."
Kanagawa,Yokohama,9236000,"2415,84","A província de Kanagawa está localizada na região sul de Kanto, no Japão, e faz parte da Grande Tóquio.
Topograficamente, a prefeitura consiste em três áreas distintas. A região montanhosa ocidental apresenta a Cordilheira Tanzawa e o Vulcão Hakone. A região montanhosa oriental é caracterizada pelas Colinas Tama e Península Miura. A região central, que circunda as Colinas Tama e Península Miura, consiste em terraços de riachos planos e planícies ao redor dos principais rios, incluindo o Rio Sagami, Rio Sakai, Rio Tsurumi e Rio Tama.",O clima é moderado devido à corrente quente que corre ao longo do lado Pacífico do arquipélago.,"Kanagawa desempenhou um papel importante em alguns períodos significativos da história do Japão. O primeiro começou em 1192, quando o primeiro governo militar foi estabelecido em Kamakura. Isso fez de Kanagawa o centro do cenário político japonês. O segundo período começou em 1859, quando o Porto de Yokohama foi aberto ao mundo após mais de 200 anos de isolamento nacional rigoroso. Desde então, Kanagawa se tornou a porta de entrada para a introdução da civilização ocidental. O terceiro período foi a década de 1950, quando a economia japonesa estava sendo reconstruída após a Segunda Guerra Mundial. Durante esse período, junto com o desenvolvimento do Cinturão Industrial Keihin, Kanagawa desempenhou um papel significativo na reconstrução da economia japonesa devastada pela guerra.
A província de Kanagawa é abençoada com uma cultura tradicional e sua longa história. Kamakura, como antiga capital, é rica em templos e santuários históricos, incluindo o famoso Grande Buda."
Niigata,Niigata,2177000,12582,"A província de Niigata se estende por cerca de 240 km ao longo do Mar do Japão, do sudoeste ao nordeste, com uma planície costeira entre as montanhas e o mar.
A província é geralmente dividida em quatro áreas geográficas: Joetsu no sul, Chuetsu no centro, Kaetsu no norte e Ilha Sado. A foz do Rio Shinano, o rio mais longo do Japão, está localizada na província de Niigata. A cidade de Niigata é a maior cidade na costa do Mar do Japão.","A cidade de Niigata apresenta um clima subtropical úmido. O clima na cidade de Niigata é caracterizado por sua alta umidade e ventos fortes do Mar do Japão. Enquanto muitas outras partes da província de Niigata tendem a ter muita neve, a cidade de Niigata em si geralmente recebe menos devido à sua baixa altitude e ao efeito de proteção da ilha de Sado.
No verão, o vento sul torna o clima bastante quente.","A cidade de Niigata é agora a maior cidade japonesa de frente para o Mar do Japão. Foi o primeiro porto japonês no Mar do Japão a ser aberto ao comércio exterior após a abertura do Japão por Matthew Perry (1854). Desde então, desempenhou um papel importante no comércio com a Rússia e a Coreia."
Toyama,Toyama,1025000,4247,"Toyama é uma prefeitura topograficamente impressionante. Montanhas cercam a prefeitura em três lados e a baía profunda repousa aninhada na curva formada pelas planícies onduladas. Com sua posição central na região do Mar do Japão e uma história carregada de contato com o continente asiático, Toyama está no centro das atividades na região do Mar do Japão. Em 1º de abril de 2012, 30% da área total da prefeitura foi designada como Parques Naturais.",Os invernos com muita neve e a influência de Foehn tornam os verões mais quentes do que nas áreas próximas.,"Em antecipação à importância futura da região do Mar do Japão, Toyama trabalhou para formar relacionamentos e liderar trocas com outros países da região. Relações amigáveis ​​foram formadas com Primorsky, Rússia, Província de Liaoning, China e outros. Toyama está se esforçando para se tornar uma base para troca ativa na região do Mar do Japão."
Ishikawa,Kanazawa,1125000,4185,"A Prefeitura de Ishikawa está localizada aproximadamente no centro do arquipélago japonês, com uma grande parte da prefeitura, a Península de Noto, projetando-se para o Mar do Japão.
Esta área é cercada em três lados pelo oceano. Devido à sua localização, a Prefeitura de Ishikawa tem sido uma importante porta de entrada para e do continente asiático através do Mar do Japão desde os tempos antigos. A parte sul é mais larga e consiste principalmente de montanhas, com a principal cidade da prefeitura, Kanazawa, localizada na planície costeira.","A temperatura média em Kanazawa é de 14,3°C, não muito diferente da média de Tóquio de 15,9°C.
Kanazawa recebe mais sol da primavera ao outono do que Tóquio. Embora neve no inverno, nos últimos anos a quantidade anual de neve tem diminuído.
A frequência de terremotos na região tem sido a mais baixa do Japão nos últimos 30 anos.","Na província de Ishikawa, a cultura tradicional japonesa ainda é parte da vida diária; é uma característica definidora das pessoas que vivem lá. A origem dessa forte cultura remonta ao Período Edo (1603-1868), quando o Clã Maeda, que governava a área, usou sua riqueza para promover cultura e educação.
O amor pela cultura foi passado até hoje, e as pessoas têm aulas de atividades culturais como a cerimônia do chá e arranjos florais, assim como artes cênicas tradicionais como peças de teatro Noh e música e dança japonesas. Artesanatos como laca, cerâmica, tingimento de seda e folha de ouro também se desenvolveram como elementos indispensáveis ​​de decoração de interiores, implementos e roupas."
Fukui,Fukui,787000,4188,"A província está de frente para o Mar do Japão e tem uma parte ocidental que é uma planície estreita entre as montanhas e o mar, e uma parte oriental maior com planícies mais amplas, incluindo a capital e a maior parte da população.","Devido à sua localização na costa do Mar do Japão, o clima de Fukui é caracterizado por nevascas importantes e chuvas pesadas. Há um lema que diz: “você pode esquecer seu bento, mas não esqueça seu guarda-chuva”. (Bento é uma refeição embalada em casa para comer no escritório/piqueniques)","Fukui é há muito tempo um centro de fabricação de papel no Japão (junto com Kyōto). Os fabricantes de papel locais usam o estilo tradicional Echizen. Fukui também é famosa por sua água limpa e plantações que resultam em deliciosos saquês, arroz e famosos macarrões soba. Fukui também abriga o mais importante sítio de escavação de fósseis de dinossauros no Japão."
Yamanashi,Kofu,835000,4465,"A prefeitura é sem litoral, com montanhas cercando a Bacia central de Kofu. O Monte Fuji está localizado na fronteira sul com Shizuoka. Em 1º de abril de 2012, 27% da área total da prefeitura foi designada como Parques Naturais.","Graças aos efeitos de sombra de chuva do Monte Fuji, a prefeitura recebe apenas cerca de 818 mm de chuva por ano.","Dada a afeição local pelo Monte Fuji, que também pode ser encontrada na bandeira da prefeitura, muitos festivais realizados em Yamanashi são fortemente relacionados ao majestoso vulcão. Por exemplo, o Festival do Fogo Fuji-Yoshida é celebrado no santuário Fuji Sengen em 26 de agosto e anuncia o fim da temporada de escalada do Monte Fuji. Durante este festival, tochas são acesas em todas as fachadas de casas em Fuji-Yoshida e a cidade é então considerada um mar de fogo."
Nagano,Nagano,2100000,13585,"Nagano é uma prefeitura do interior a 200 km da área metropolitana de Tóquio. As montanhas da província a tornaram relativamente isolada, e muitos visitantes vêm a Nagano por seus resorts de montanha e fontes termais. Nove das doze montanhas mais altas do Japão podem ser encontradas em Nagano.
Em 1 de abril de 2012, 21% da área total da prefeitura foi designada como Parques Naturais. ","O clima de Nagano normalmente apresenta um grande intervalo entre as temperaturas máximas e mínimas diárias. Nagano tem um clima seco, com uma das menores taxas anuais de precipitação do país. Há uma diferença distinta nas quantidades de acumulação de neve dentro da prefeitura. O norte de Nagano tem muitos dias de neve, enquanto as terras baixas do centro e sul de Nagano têm uma atmosfera mais seca com dias mais ensolarados.","A prefeitura é simbolizada pelos Alpes Japoneses, que foram assim nomeados pelo engenheiro de minas inglês William Gowland em sua publicação de 1881 em referência aos Alpes da Europa. Nagano sediou os XVIII Jogos Olímpicos de Inverno em fevereiro de 1998."
Gifu,Gifu,2033000,10621,"Uma das poucas prefeituras sem litoral no Japão. Na região de Hida, localizada no norte de Gifu, os picos das montanhas excedem 3.000 metros acima do nível do mar. Em contraste, na região de Mino, situada no sul de Gifu, os rios Kiso, Nagara e Ibi deságuam na planície de Nobi.","Como a região de Mino é cercada por montanhas baixas, a temperatura flutua ao longo do ano, de verões quentes a invernos frios. Muitos recordes de temperatura do Japão são registrados naquela área. Ao contrário, a região de Hida é mais famosa por seus invernos rigorosos, trazendo nevascas extremamente pesadas.","Historicamente, a prefeitura serviu como o centro de fabricação de espadas em todo o Japão e, com uma tradição de 700 anos, a cidade de Seki foi apelidada de “cidade das espadas” e acredita-se que produz as melhores espadas do Japão. Todos os anos, todos os principais especialistas em kendo se reúnem em Seki para uma competição anual."
Shizuoka,Shizuoka,3701000,7779,"Lar do Monte Fuji, símbolo internacionalmente reconhecido do Japão e adicionado à Lista do Patrimônio Mundial como Sítio Cultural em 2013, a província de Shizuoka é uma região alongada que acompanha a costa do Oceano Pacífico.
No oeste, a prefeitura se estende profundamente nos Alpes Japoneses. No leste, torna-se uma costa mais estreita delimitada ao norte pelo Monte Fuji, até chegar à Península de Izu, uma popular área de resort apontando para o sul, em direção ao Pacífico.",Shizuoka é nacionalmente conhecida por ser abençoada com um clima ameno e confortável. Há pouca neve longe das montanhas no norte de Shizuoka.,"Vários locais na prefeitura, como o Castelo Hamamatsu, o Santuário Mishima Taisha e o Santuário Okuni e o Templo Hattasan Son-eiji permitirão que os visitantes vivenciem a cultura japonesa por meio da fascinante beleza arquitetônica de períodos passados. A beleza cênica da área e os muitos ryokans (hotéis tradicionais) e fontes termais da área de Izu foram particularmente amados por alguns dos maiores escritores da literatura japonesa."
Mie,Tsu,1816000,5777,"A província de Mie forma a parte oriental da Península de Kii e faz fronteira com Aichi, Gifu, Shiga, Kyōto, Nara e Wakayama. Está bem localizada entre Nagoya, Ōsaka e Kyōto, tornando as três cidades de fácil acesso. Tem uma paisagem variada que inclui montanhas, planícies e litoral. Quase um terço da área total da província é designada como reservas naturais e parques, uma das taxas mais altas do Japão.","O clima é quente com uma temperatura média anual de 14 a 15 °C. O norte apresenta quedas de neve, enquanto a região sul é conhecida como uma das áreas mais chuvosas do Japão.","A prefeitura é o lar do santuário Ise Jingu. É o santuário supremo onde Amaterasu Omikami, a deusa ancestral da Família Imperial e a deusa padroeira geral do Japão, adorava há quase 2000 anos. Uma das peculiaridades de Ise Jingu é a cerimônia de renovação que ocorre a cada 20 anos, durante a qual o antigo santuário é demolido e reconstruído nas proximidades usando as mesmas técnicas de construção usadas nos séculos passados."
Shiga,Otsu,1413000,4017,"Esta é uma prefeitura sem litoral. O maior lago do Japão, o Lago Biwa, está localizado na parte central e atua como um suprimento de água para a região de Kansai. As planícies se estendem até a costa leste do Lago Biwa, enquanto as montanhas ocupam as áreas oeste, nordeste e sudeste.","O clima de Shiga varia acentuadamente entre o norte e o sul. O sul de Shiga é geralmente quente, mas o norte de Shiga é tipicamente frio com muita neve e abriga muitos campos de esqui.","Shiga era antigamente conhecida como a região de Ohmi. Os comerciantes de Ohmi se tornaram muito famosos em todo o Japão, pois eram trabalhadores esforçados que criaram códigos comerciais de conduta e ética empresarial que inspiraram os fundadores das maiores empresas japonesas da atualidade, como Panasonic, Honda e Sony."
Kyōto,Kyōto,2610000,4612,A Prefeitura de Kyōto está localizada quase no centro de Honshu e do Japão. A prefeitura é separada ao longo do meio pelas Montanhas Tanba.,"A presença de montanhas em seu centro torna o clima da prefeitura muito diferente, com um norte nevado e um sul mais quente. ","Como a capital histórica do Japão por mais de 1000 anos, Kyōto é o coração da cultura tradicional japonesa, nascida e desenvolvida dentro dos muros da corte imperial e sua estrutura aristocrática. Sem surpresa, é um lugar imperdível para turistas estrangeiros no Japão. A cultura e a beleza de Kyōto não podem ser resumidas em apenas algumas frases, então, consulte os muitos sites e publicações sobre Kyōto para obter mais informações."
Ōsaka,Ōsaka,8839000,1899,"Ōsaka é a segunda menor prefeitura do Japão e lar da terceira maior cidade do Japão. Em 1º de abril de 2012, 11% da área total da prefeitura foi designada como parque natural.","Ōsaka pertence à zona climática subtropical úmida. Seus invernos são geralmente amenos e raramente há queda de neve. A primavera em Ōsaka começa amena, mas acaba sendo quente e úmida. Os verões são muito quentes e úmidos. O outono vê uma tendência de resfriamento com a parte inicial da estação se assemelhando ao verão, enquanto a última parte se assemelha ao inverno.","O histórico da cidade de Ōsaka como uma cidade de comércio ajudou a moldar a Ōsaka de hoje. Ela desempenhou um papel importante na distribuição, comércio e indústria no Japão e agora está se desenvolvendo ainda mais para se tornar uma cidade internacional."
Hyōgo,Kobe,5537000,8396,"Hyōgo tem litorais em dois mares: ao norte fica o Mar do Japão e ao sul, o Mar Interior. A porção norte é escassamente povoada e as terras altas centrais são povoadas apenas por pequenas aldeias. A maior parte da população de Hyōgo vive na costa sul, que faz parte da área metropolitana de Ōsaka-Kobe-Kyōto. Quase 20% da área total da prefeitura é designada como Parques Naturais.","Devido ao vasto tamanho de terra da região, os climas em Hyōgo variam de acordo com a região. O clima no sul é moderado com pouca chuva, enquanto o norte nublado e chuvoso recebe ventos sazonais da Sibéria no inverno e tem muita neve.","A característica mais significativa da prefeitura é certamente o Castelo Himeji de 400 anos, que é um Patrimônio Mundial da UNESCO. A cultura tradicional de Hyōgo foi passada de geração em geração em muitas formas e eventos que ainda são realizados hoje, como o Nada Fighting Festival (uma “batalha” entre sete palanquins fabulosamente decorados chamados Yatai e três santuários portáteis, ou Mikoshi, que são esmagados uns contra os outros) e o Awaji Ningyo Joruri (um teatro de fantoches tradicional)."
Nara,Nara,1365000,3691,"A província de Nara faz parte da região de Kansai, no Japão. Áreas montanhosas sem litoral ocupam cerca de 60% das terras da província.","O clima da província de Nara é principalmente quente. No entanto, há diferenças importantes entre a área da bacia noroeste e as montanhas que constituem o resto da província. A precipitação anual acumulada é uma das mais altas do Japão. ","Como a antiga capital do Japão, antes de Kyōto, Nara contém muitas escavações arqueológicas e sítios culturalmente ricos, tornando-a um lugar especial para os turistas visitarem. Vários de seus edifícios centenários são listados como Patrimônios Mundiais pela UNESCO, como o templo Todaiji, que é a maior estrutura de madeira do mundo e lar da maior estátua de bronze do mundo do Buda."
Wakayama,Wakayama,964000,4726,A Prefeitura de Wakayama fica de frente para o Oceano Pacífico e está localizada na parte sudoeste da Península de Kii. 75% do território é coberto por florestas e montanhas.,O clima é geralmente ameno.,"A prefeitura é o lar do Monte Koya, conhecido como a sede mundial da seita Koyasan Shingon do budismo japonês desde 819. O Monte Koya e várias estradas de peregrinação ao longo das florestas da prefeitura foram listadas como locais do Patrimônio Mundial. Diz-se que o molho de soja foi originalmente criado por um padre que vivia na Prefeitura de Wakayama durante o período Kamakura (1185-1333)."
Tottori,Tottori,574000,3507,"Localizada na costa do Mar do Japão, Tottori abriga as Dunas de Areia de Tottori, o único grande sistema de dunas do Japão. Em 1º de abril de 2012, 14% da área total da prefeitura foi designada como parques naturais.",Tottori tem um clima subtropical úmido com verões quentes e invernos frios. A precipitação é significativa durante todo o ano.,"As Dunas de Areia de Tottori são únicas no Japão e, portanto, são uma grande atração turística que desempenha um papel importante na vida social e econômica da prefeitura. Todos os anos, vários festivais são organizados entre as dunas, como um concurso de pipa, sandboard (como snowboard, mas na areia), concursos de fotografia e um festival de mascotes. "
Shimane,Matsue,694000,6707,"A prefeitura tem uma área alongada de leste a oeste voltada para a Cordilheira Chugoku no lado sul e para o Mar do Japão no lado norte. É dividida na Região de Izumo no leste, na Região de Iwami no zest e na Região de Oki, um pequeno grupo de ilhas na costa norte. A maioria das cidades fica perto da costa do Mar do Japão. A área florestal é de 80% da terra, tornando-a uma das maiores taxas do Japão.",A prefeitura tem um clima subtropical. O inverno é nublado com alguma neve e o verão é úmido.,"Shimane foi o primeiro local de residência no Japão de Lafcadio Hearn (1850-1904), um escritor grego-irlandês que se tornou um dos primeiros estrangeiros a obter a cidadania japonesa devido à sua paixão pelo país. Com um interesse apaixonado pela cultura tradicional japonesa, ele usou Matsue como palco para apresentar a cultura japonesa ao mundo por meio de seus escritos; ele também é o “exportador” do judô para a América. Ainda hoje, sua história e fama são bem conhecidas na área e seu museu e a vila onde ele viveu são duas atrações turísticas imperdíveis."
Okayama,Okayama,1922000,7112,"A Prefeitura de Okayama faz fronteira com as Prefeituras de Hyōgo, Tottori e Hiroshima. A maior parte da população está concentrada em torno das cidades históricas de Kurashiki e Okayama. As pequenas vilas na região montanhosa do norte estão envelhecendo e diminuindo em população - mais da metade dos municípios da prefeitura são oficialmente designados como despovoados.","Okayama tem um clima ameno comparado à maior parte do Japão. Graças a um nível extremamente baixo de chuva e um dos maiores números de dias ensolarados por ano, a prefeitura é apelidada de “País Ensolarado”.","Okayama é onde a famosa lenda de Momotaro nasceu e, como resultado, tornou-se um símbolo da prefeitura.
Ele relata a história de como um casal velho e sem filhos viu um pêssego gigante flutuando rio abaixo. Eles o abriram com a intenção de comê-lo, mas encontraram um menino dentro e decidiram adotá-lo como filho. Anos mais tarde, o menino conhecido como Momotaro deixou seus pais e foi lutar contra um bando de oni (demônios ou ogros) saqueadores em uma ilha distante. No caminho, Momotaro conheceu e fez amizade com um cachorro falante, um macaco e um faisão, que concordaram em ajudá-lo em sua busca. Uma vez que os demônios foram derrotados, o grupo de heróis voltou para casa com o tesouro dos demônios."
Hiroshima,Hiroshima,2845000,8476,A prefeitura de Hiroshima fica no meio da região de Chugoku. A maior parte da prefeitura consiste em montanhas que levam à prefeitura de Shimane e rios que produzem planícies ricas perto da costa.,Hiroshima é abençoada por um clima geralmente quente. A prefeitura geralmente registra mais chuva na área norte do que no sul.,"Hiroshima abriga dois locais considerados Patrimônio Mundial da UNESCO: o Domo Atômico, um dos poucos remanescentes de Hiroshima pré-guerra após o bombardeio atômico em 1945 e o Santuário de Itsukushima em Miyajima, famoso por encher-se de água e parecer ""flutuar"" durante a maré alta. A porta Torii vermelha na água, um dos símbolos mais conhecidos do Japão, está localizada em frente a Miyajima."
Yamaguchi,Yamaguchi,1405000,6110,A Prefeitura de Yamaguchi está localizada na parte mais ocidental de Honshu e é cercada em três lados pelo mar. A montanha Chugoku atravessa a prefeitura de leste a oeste.,A província de Yamaguchi possui um clima ameno e é amplamente poupada de desastres naturais.,"No período Taisho (1912-1926), foram construídas fábricas de construção naval, química, maquinário e metalúrgica nos portos de Yamaguchi na área do Mar Interior de Seto. Durante o Período Showa pós-Segunda Guerra Mundial, Yamaguchi se desenvolveu em uma das prefeituras mais industrializadas do país devido ao estabelecimento de complexos petroquímicos. A prefeitura abriga um dos festivais mais originais do Japão: o festival das lanternas de peixinho dourado. É quando a cidade de Yanai é “invadida” por cerca de 2.000 lanternas em forma de peixinho dourado decorando as ruas. Os destaques incluem a caminhada das lanternas gigantes e a dança das lanternas."
Tokushima,Tokushima,756000,4144,"A província de Tokushima está localizada na parte oriental de Shikoku, a quarta maior ilha que compõe o Japão. As áreas montanhosas constituem aproximadamente 80% da área total de Tokushima.","A parte sul da prefeitura é mais quente, os invernos são geralmente secos, mas os verões são chuvosos. A área norte, com sua cadeia de montanhas com média de 2.000 m, é mais propensa a fortes nevascas.","Dizem que o circuito de peregrinação de Shikoku, que liga 88 templos localizados na região de Shikoku, foi fundado por volta do ano 815 pelo famoso monge budista Kobo Daishi (Kukai) para proteger peregrinos e outros do infortúnio. Tradicionalmente, a peregrinação é feita a pé, levando um mês ou mais, mas nos tempos modernos muitas pessoas viajam de carro ou ônibus por parte ou todo o circuito. Tokushima abriga 24 desses templos e o ponto de partida do circuito.
Outro aspecto da cultura da prefeitura é o Awa Odori, o maior festival de dança do Japão, que atrai mais de 1,3 milhões de turistas todos os anos."
Kagawa,Takamatsu,977000,1876,Kagawa compreende o canto nordeste da região de Shikoku. É também a menor prefeitura em área no Japão. Kagawa é uma prefeitura relativamente estreita localizada entre as montanhas de Shikoku e o mar.,"A prefeitura é abençoada com um clima ameno e sol brilhante o ano todo. Devido a isso, a produção de sal da área é a mais importante do Japão, tanto que a prefeitura foi apelidada de “Reino do Sal Kagawa”. Como efeito colateral, a pouca frequência de chuva causa escassez regular de água durante o período de verão.","A Prefeitura de Kagawa abriga um dos projetos mais bem-sucedidos relacionados à promoção da arte e da cultura. Fundado em 1989 na pequena ilha de Naoshima, este projeto teve como objetivo estabelecer vários museus e eventos de arte contemporânea em um único local. Hoje, o projeto se espalhou para outras ilhas próximas também, dando à área uma alta concentração de centros de arte e um famoso festival internacional de arte chamado Setouchi Triennale que dura mais de 100 dias."
Ehime,Matsuyama,1386000,5676,"Localizada na parte noroeste de Shikoku, Ehime fica de frente para o Mar Interior de Seto ao norte. A prefeitura inclui altas montanhas na região interior e um longo litoral com muitas ilhas no Mar Interior de Seto. O braço mais ocidental de Ehime, a Península de Sadamisaki, é a península mais estreita do Japão. Em 1º de abril de 2012, 7% da área total da prefeitura foi designada como parques naturais.",Clima geralmente ameno. Invernos secos com baixa precipitação e verões chuvosos e úmidos.,"A mais antiga fonte termal existente no Japão, Dogo Onsen, está localizada em Matsuyama. Ela é usada há mais de dois mil anos. Também foi uma fonte de inspiração para o bem-sucedido filme de animação do Studio Ghibli, A Viagem de Chihiro, que ganhou o Oscar de Melhor Filme de Animação e é, até hoje, o filme de maior sucesso da história japonesa."
Kōchi,Kōchi,728000,7104,"A Prefeitura de Kōchi compreende a parte sudoeste da ilha de Shikoku, de frente para o Oceano Pacífico. É a maior, mas menos populosa das quatro prefeituras de Shikoku. A maior parte da província é montanhosa, com poucas planícies. Em 1º de abril de 2012, 7% da área total da prefeitura foi designada como Parques Naturais.","Uma das prefeituras japonesas com o maior número de dias ensolarados em um ano. Apesar disso, certas áreas também registram algumas das maiores quantidades de chuva no Japão.","A Prefeitura de Kōchi deu à luz Sakamoto Ryoma (1836 - 1867), uma das pessoas históricas mais famosas do Japão. Sakamoto foi uma figura proeminente que impulsionou o Japão durante o período turbulento que levou às grandes reformas políticas da Restauração Meiji de 1868. Em 2003, o Aeroporto de Kōchi foi renomeado para Aeroporto de Kōchi Ryoma em sua homenagem e o Museu Memorial Sakamoto Ryoma é uma atração principal no turismo local."
Fukuoka,Fukuoka,5103000,4846,"A Prefeitura de Fukuoka fica de frente para o mar em três lados, fazendo fronteira com as prefeituras de Saga, Ōita e Kumamoto e de frente para a Prefeitura de Yamaguchi através do Estreito de Kanmon. Fukuoka inclui as duas maiores cidades de Kyushu, Fukuoka e Kitakyushu, e grande parte da indústria de Kyushu. Também inclui uma série de pequenas ilhas perto da costa norte de Kyushu.","A província de Fukuoka desfruta de um clima ameno e temperado e de uma quantidade adequada de chuva, o que permite aos residentes viverem confortavelmente durante todo o ano. Embora às vezes neve no inverno, especialmente nas montanhas, raramente neva em áreas urbanas.","A prefeitura de Fukuoka ostenta algumas características culturais únicas, como o Kowakamai de 700 anos, a apresentação de canto e dança mais antiga do Japão, que é realizada apenas uma vez por ano no santuário xintoísta em Oe e a boneca Toro de Yame Fukushima, que foi designada como um dos mais importantes bens culturais folclóricos intangíveis do Japão."
Saga,Saga,833000,2439,"A menor prefeitura de Kyushu, Saga, está localizada no canto noroeste da ilha. Em grande parte rural fora das duas maiores cidades de Saga e Karatsu. Terras agrícolas e florestais compreendem mais de 68% da área total da prefeitura.",A província de Saga tem um clima ameno com uma temperatura média de cerca de 16°C.,"Devido à sua proximidade com a Ásia continental, a Prefeitura de Saga tem sido uma importante porta de entrada para a transmissão da cultura e do comércio ao longo da história japonesa. Nos tempos modernos, a cidade de Kashima é o lar das Gatalympics: uma competição divertida durante a qual os participantes competem em jogos únicos e acabam cobertos de lama. Os jogos consistem em concursos bobos do tipo game show, como torneios de sumô na lama e uma corrida de prancha de surfe. Tornou-se um dos eventos mais famosos da Prefeitura de Saga, com japoneses e estrangeiros participando."
Nagasaki,Nagasaki,1378000,4105,A Prefeitura de Nagasaki está localizada na parte noroeste de Kyushu. Faz fronteira com a Prefeitura de Saga a leste e é cercada por água. A prefeitura também inclui um grande número de pequenas ilhas (588). A área marítima sob o controle do governo da prefeitura é cerca de 25 vezes a área terrestre em si.,"O clima marinho é quente e chuvoso, exceto nas regiões montanhosas.","Devido à sua posição, a prefeitura tem ligações históricas com a vizinha Coreia e a China. Também foi o único lugar no Japão autorizado a manter contato com estrangeiros (principalmente holandeses) durante os quase 250 anos do período Edo, em que o Japão ficou completamente isolado do exterior. Portanto, Nagasaki agiu como uma porta para a cultura e tecnologia ocidentais.
Nagasaki também é conhecida por ser a área mais cristianizada do Japão. Ela sediou as primeiras missões católicas romanas já no século XVI."
Kumamoto,Kumamoto,1787000,7404,"A província de Kumamoto está localizada no centro de Kyushu, a mais meridional das quatro principais ilhas japonesas. O Monte Aso (1592m), um extenso vulcão ativo, fica no leste da província de Kumamoto e é um ponto principal para turismo.",Um clima ameno com diferenças significativas de temperatura entre o inverno (fresco) e o verão (quente). Há uma estação chuvosa significativa em junho-julho que é responsável por 40% das precipitações anuais.,"A Prefeitura de Kumamoto foi um importante campo de batalha durante a Rebelião de Satsuma em 1877 que opôs samurais movidos pela tradição contra o novo governo imperial. Esta rebelião foi vista como um confronto entre as antigas tradições e os ventos da modernidade que sopravam por todo o Japão desde 1868, quando o último Shogun foi derrubado e os plenos poderes políticos/econômicos foram restaurados ao Imperador. Finalmente derrotados, o espírito e a honra demonstrados por esses samurais ainda são altamente considerados hoje, fornecendo muitos exemplos de heroísmo a serem seguidos e referenciados."
Ōita,Ōita,1167000,6339,"A província de Ōita fica na seção nordeste da ilha de Kyushu. Com muitas montanhas, 70% de Ōita é coberta por florestas, e os rios e córregos que fluem das cadeias de montanhas fornecem à província ricas fontes de água. Graças à Cordilheira Kirishima, um cinturão vulcânico que atravessa verticalmente a província, Ōita é a província com o maior número de fontes termais em todo o país (4538).","Com um clima geral ameno, a prefeitura registra muito pouca queda de neve, exceto nas áreas montanhosas.","Os habitantes de Ōita estão próximos de fontes termais desde os tempos antigos. O relato mais antigo sobre fontes termais e minerais locais é o Bungo Fudoki (Topografia Regional de Ōita), que foi editado durante a Era Nara (710-794). Não é nenhuma surpresa, então, que ainda hoje a cultura de relaxar em uma fonte vulcânica seja uma das atividades mais elogiadas tanto por moradores quanto por visitantes."
Miyazaki,Miyazaki,1104000,7735,"A Prefeitura de Miyazaki está localizada na costa leste da ilha de Kyushu. É cercada pelo Oceano Pacífico ao sul e leste, pela Prefeitura de Ōita ao norte e pelas Prefeituras de Kumamoto e Kagoshima a oeste. Em 1º de abril de 2012, 12% da área total da prefeitura foi designada como Parques Naturais.",O clima de Miyazaki é relativamente ameno devido à quente Corrente do Japão. Ele está no topo em número de dias ensolarados e não é incomum ter invernos sem nenhuma queda de neve.,"Graças ao seu clima ensolarado, os moradores locais são geralmente considerados pessoas de temperamento tranquilo, mas trabalhador.
Também devido às condições climáticas agradáveis, a prefeitura hospeda muitos campos de treinamento esportivo profissional, especialmente relacionados ao beisebol, que recebem times importantes e nacionais durante o período de fevereiro/março. Isso também é apoiado pelas autoridades locais que lançaram um projeto “Sports Land Miyazaki” para promover Miyazaki como uma região para esporte e lazer."
Kagoshima,Kagoshima,1649000,9132,"A prefeitura de Kagoshima está localizada na ponta sudoeste de Kyushu e inclui uma cadeia de ilhas que se estende mais para o sudoeste por algumas centenas de quilômetros. A prefeitura ostenta uma cadeia de vulcões ativos e adormecidos, incluindo o Sakurajima, que se ergue da baía de Kagoshima, bem em frente à cidade de Kagoshima, que regularmente envia nuvens de cinzas em direção à cidade.","Com uma temperatura média anual de 19°C, a prefeitura foi classificada em 2º lugar no Japão em 2012. A área sul da prefeitura é a parte mais chuvosa do Japão (até 9000 mm), com precipitação anual concentrada no período de maio a julho. A prefeitura também é regularmente atingida por tufões do verão ao outono.","Graças à sua localização, a prefeitura tem sido uma porta de entrada para a cultura estrangeira através da qual a inovação entrou no Japão, como a introdução da primeira arma de fogo que mudaria drasticamente o equilíbrio de poder, dando ao clã local, o Satsuma, uma vantagem significativa sobre outras regiões. Com tanto interesse por culturas estrangeiras, é natural que após o fim do período de isolamento japonês durante a segunda metade do século XIX , muitas pessoas da prefeitura tenham ido para países europeus para aprender sobre a cultura e a tecnologia ocidentais."
Okinawa,Naha,1434000,2271,Okinawa é a prefeitura mais ao sul do Japão. Ela compreende centenas de ilhas Ryukyu em uma cadeia de mais de 1.000 km de comprimento.,"A ilha apresenta temperaturas acima de 20 °C durante a maior parte do ano, com um clima marinho subtropical.","Após o fim da Segunda Guerra Mundial, Okinawa foi colocada sob a administração dos EUA e se tornou o lar de muitas bases do exército americano. Somente em 1972 a ilha retornou à administração japonesa, mas uma forte presença de forças americanas permaneceu e elas ainda estão presentes hoje.
Devido à sua distância do território principal do Japão, a cultura de Okinawa se desenvolveu em um estilo único e carrega influências das culturas chinesa, tailandesa e austronésia. Na arquitetura tradicional, muitos telhados exibem imagens de um leão ou dragão, chamado shisa, que supostamente protege a casa do perigo e tem origens chinesas."
